Enzyme1,Enzyme2,Percent_Similarity,E2_Sub,Neighbor_Substrate,Substrate_Distance,hit,Normalized_Distance,ranker_score
2.0,27.0,50.672645739910315,15.0,9.0,6.039162766556912,1.0,0.7064888301658335,7.141505513126444
2.0,27.0,50.672645739910315,6.0,7.0,5.468397618176296,0.0,0.6397181174750167,2.7551085625248284
2.0,27.0,50.672645739910315,7.0,6.0,5.468397618176296,0.0,0.6397181174750167,2.7551085625248284
2.0,27.0,50.672645739910315,6.0,5.0,5.370151251691832,0.0,0.6282248090134491,2.0921820612530517
2.0,27.0,50.672645739910315,5.0,15.0,7.0375135318119275,0.0,0.8232804603146437,2.0428834667565487
2.0,27.0,50.672645739910315,3.0,8.0,8.548136231876935,0.0,1.0,1.9628823450786066
2.0,27.0,50.672645739910315,3.0,16.0,7.3432075693606995,0.0,0.8590419443687708,1.9363596774088134
2.0,27.0,50.672645739910315,7.0,1.0,5.996165314143381,0.0,0.7014587918923221,1.8114728507862814
2.0,22.0,49.62630792227205,8.0,11.0,6.832598580878645,0.0,0.7993085738852801,1.672697897212252
2.0,27.0,50.672645739910315,15.0,12.0,5.897960709076633,0.0,0.6899703688720463,1.6662222272240839
2.0,27.0,50.672645739910315,3.0,2.0,5.290790181744798,0.0,0.6189407887551982,1.5957366917966724
2.0,27.0,50.672645739910315,14.0,10.0,5.333470250012311,0.0,0.6239336979823996,1.5027207020168187
2.0,27.0,50.672645739910315,5.0,4.0,5.502070715074072,0.0,0.6436573500731362,1.3549521213385605
2.0,28.0,63.82660687593423,9.0,14.0,5.429148081623564,0.0,0.6351265275087308,1.137726911649894
2.0,27.0,50.672645739910315,3.0,17.0,6.195750032142233,0.0,0.7248071233396589,1.0735322567380974
2.0,27.0,50.672645739910315,5.0,3.0,4.538149362054459,0.0,0.5308934297433403,-0.3151853800583071
3.0,22.0,42.45142002989537,8.0,7.0,6.736192038358631,1.0,0.7880304964301614,6.46074009111083
3.0,27.0,42.15246636771301,7.0,16.0,3.2479773169320203,0.0,0.37996321406530204,3.62425889497786
3.0,27.0,42.15246636771301,7.0,15.0,5.631949986561045,0.0,0.6588512201711161,3.5962221335830638
3.0,27.0,42.15246636771301,7.0,14.0,2.939612022704677,0.0,0.34388923421020623,3.531271801959916
3.0,27.0,42.15246636771301,7.0,6.0,5.468397618176296,0.0,0.6397181174750167,3.471231459180566
3.0,27.0,42.15246636771301,5.0,4.0,5.502070715074072,0.0,0.6436573500731362,2.003820283189408
3.0,68.0,41.85351270553064,9.0,17.0,5.578365070853041,0.0,0.6525826121079712,1.9395476449400486
3.0,22.0,42.45142002989537,8.0,11.0,6.832598580878645,0.0,0.7993085738852801,1.641955531743967
3.0,12.0,51.569506726457405,6.0,5.0,5.370151251691832,0.0,0.6282248090134491,1.5286708645232736
3.0,27.0,42.15246636771301,7.0,1.0,5.996165314143381,0.0,0.7014587918923221,1.435794090731623
3.0,16.0,42.45142002989537,9.0,12.0,6.368769312558977,0.0,0.7450477086232131,1.2987740645358627
3.0,27.0,42.15246636771301,5.0,2.0,2.8477260895364545,0.0,0.3331399982743574,0.9389686859589128
3.0,27.0,42.15246636771301,16.0,9.0,5.406777766390262,0.0,0.6325095459087089,0.8061639666471465
3.0,27.0,42.15246636771301,6.0,8.0,3.2730117855922356,0.0,0.38289186049548635,0.07726328987956865
3.0,27.0,42.15246636771301,5.0,3.0,4.538149362054459,0.0,0.5308934297433403,-0.8898665609558979
3.0,27.0,42.15246636771301,14.0,10.0,5.333470250012311,0.0,0.6239336979823996,-1.486349360552405
4.0,7.0,93.7219730941704,2.0,3.0,5.290790181744798,1.0,0.6189407887551982,8.462167106176373
4.0,7.0,93.7219730941704,3.0,2.0,5.290790181744798,1.0,0.6189407887551982,8.462167106176373
4.0,27.0,30.34379671150972,3.0,5.0,4.538149362054459,0.0,0.5308934297433403,5.291879498542991
4.0,27.0,30.34379671150972,14.0,10.0,5.333470250012311,0.0,0.6239336979823996,3.1846353888375476
4.0,27.0,30.34379671150972,6.0,12.0,5.271597259693318,0.0,0.6166955131148888,3.1120017379242926
4.0,27.0,30.34379671150972,14.0,17.0,2.888179330655694,0.0,0.3378724030959354,3.072214474852502
4.0,27.0,30.34379671150972,6.0,16.0,2.796132300247202,0.0,0.32710432126948547,2.7920210255361084
4.0,27.0,30.34379671150972,16.0,6.0,2.796132300247202,0.0,0.32710432126948547,2.7920210255361084
4.0,64.0,31.2406576980568,9.0,15.0,6.039162766556912,0.0,0.7064888301658335,2.4178175426809676
4.0,27.0,30.34379671150972,8.0,4.0,4.925985510424875,0.0,0.5762642729131218,2.0974137271741413
4.0,27.0,30.34379671150972,16.0,9.0,5.406777766390262,0.0,0.6325095459087089,1.9697297111852183
4.0,27.0,30.34379671150972,7.0,14.0,2.939612022704677,0.0,0.34388923421020623,1.3470141633797075
4.0,27.0,30.34379671150972,14.0,7.0,2.939612022704677,0.0,0.34388923421020623,1.3470141633797075
4.0,7.0,93.7219730941704,3.0,8.0,8.548136231876935,0.0,1.0,1.3404992440700767
4.0,27.0,30.34379671150972,7.0,1.0,5.996165314143381,0.0,0.7014587918923221,-2.077220984170431
4.0,27.0,30.34379671150972,8.0,11.0,6.832598580878645,0.0,0.7993085738852801,-3.887259169469112
7.0,4.0,93.7219730941704,2.0,3.0,5.290790181744798,1.0,0.6189407887551982,8.462167106176373
7.0,4.0,93.7219730941704,3.0,2.0,5.290790181744798,1.0,0.6189407887551982,8.462167106176373
7.0,27.0,28.251121076233183,3.0,5.0,4.538149362054459,0.0,0.5308934297433403,5.251239439235028
7.0,27.0,28.251121076233183,6.0,12.0,5.271597259693318,0.0,0.6166955131148888,2.9094462684999365
7.0,27.0,28.251121076233183,14.0,10.0,5.333470250012311,0.0,0.6239336979823996,2.8996594814905974
7.0,27.0,28.251121076233183,14.0,17.0,2.888179330655694,0.0,0.3378724030959354,2.721812124060677
7.0,27.0,28.251121076233183,6.0,16.0,2.796132300247202,0.0,0.32710432126948547,2.525945932180495
7.0,27.0,28.251121076233183,16.0,6.0,2.796132300247202,0.0,0.32710432126948547,2.525945932180495
7.0,27.0,28.251121076233183,8.0,4.0,4.925985510424875,0.0,0.5762642729131218,1.8593596223011999
7.0,27.0,28.251121076233183,16.0,9.0,5.406777766390262,0.0,0.6325095459087089,1.5873923231974032
7.0,64.0,29.297458893871447,9.0,15.0,6.039162766556912,0.0,0.7064888301658335,1.3958109399066632
7.0,4.0,93.7219730941704,3.0,8.0,8.548136231876935,0.0,1.0,1.3404992440700767
7.0,27.0,28.251121076233183,7.0,14.0,2.939612022704677,0.0,0.34388923421020623,1.0001800131751881
7.0,27.0,28.251121076233183,14.0,7.0,2.939612022704677,0.0,0.34388923421020623,1.0001800131751881
7.0,27.0,28.251121076233183,7.0,1.0,5.996165314143381,0.0,0.7014587918923221,-2.5087658361097533
7.0,27.0,28.251121076233183,8.0,11.0,6.832598580878645,0.0,0.7993085738852801,-4.299616504687747
9.0,27.0,48.729446935724965,15.0,9.0,6.039162766556912,0.0,0.7064888301658335,7.079708435786484
9.0,27.0,48.729446935724965,3.0,5.0,4.538149362054459,0.0,0.5308934297433403,6.17892466534426
9.0,27.0,48.729446935724965,5.0,3.0,4.538149362054459,1.0,0.5308934297433403,6.17892466534426
9.0,16.0,47.53363228699551,9.0,8.0,7.148131257572746,0.0,0.8362210268615727,5.715569600944866
9.0,57.0,88.34080717488789,3.0,2.0,5.290790181744798,0.0,0.6189407887551982,4.029338408869159
9.0,27.0,48.729446935724965,5.0,15.0,7.0375135318119275,0.0,0.8232804603146437,2.9820822847593487
9.0,64.0,46.93572496263079,9.0,7.0,6.0223749832025,0.0,0.704524918630146,2.7209286313290533
9.0,27.0,48.729446935724965,3.0,16.0,7.3432075693606995,0.0,0.8590419443687708,2.675279995333354
9.0,27.0,48.729446935724965,3.0,6.0,5.83245429948156,0.0,0.6823071300304855,2.2310167063417707
9.0,27.0,48.729446935724965,15.0,12.0,5.897960709076633,0.0,0.6899703688720463,2.2223330054761266
9.0,27.0,48.729446935724965,7.0,1.0,5.996165314143381,0.0,0.7014587918923221,2.207568475064214
9.0,27.0,48.729446935724965,8.0,11.0,6.832598580878645,0.0,0.7993085738852801,1.7973101959802062
9.0,27.0,48.729446935724965,14.0,10.0,5.333470250012311,0.0,0.6239336979823996,1.6539895778462863
9.0,27.0,48.729446935724965,3.0,14.0,8.234987995965957,0.0,0.9633664897918667,1.534438426361215
9.0,27.0,48.729446935724965,3.0,17.0,6.195750032142233,0.0,0.7248071233396589,1.3235309966074502
9.0,27.0,48.729446935724965,5.0,4.0,5.502070715074072,0.0,0.6436573500731362,1.1794693926284903
12.0,57.0,42.600896860986545,3.0,6.0,5.83245429948156,1.0,0.6823071300304855,6.353126451496474
12.0,68.0,43.04932735426009,9.0,7.0,6.0223749832025,0.0,0.704524918630146,3.194112243551187
12.0,16.0,42.30194319880419,9.0,17.0,5.578365070853041,0.0,0.6525826121079712,1.6158169384535908
12.0,3.0,51.569506726457405,7.0,1.0,5.996165314143381,0.0,0.7014587918923221,1.2926401659463076
12.0,3.0,51.569506726457405,7.0,15.0,5.631949986561045,0.0,0.6588512201711161,1.1486235039170234
12.0,57.0,42.600896860986545,3.0,4.0,6.702032476634709,0.0,0.7840343549558905,0.3843727772679689
12.0,16.0,42.30194319880419,9.0,12.0,6.368769312558977,0.0,0.7450477086232131,0.13489789946744907
12.0,16.0,42.30194319880419,9.0,14.0,5.429148081623564,0.0,0.6351265275087308,0.09915751493082603
12.0,24.0,43.796711509716,9.0,16.0,5.406777766390262,0.0,0.6325095459087089,0.02682680825197396
12.0,62.0,43.04932735426009,3.0,5.0,4.538149362054459,0.0,0.5308934297433403,-0.6571624009396446
12.0,71.0,43.946188340807176,2.0,3.0,5.290790181744798,0.0,0.6189407887551982,-1.7289195116853817
12.0,62.0,43.04932735426009,3.0,2.0,5.290790181744798,0.0,0.6189407887551982,-2.1276791077157995
12.0,3.0,51.569506726457405,7.0,10.0,4.366762602636908,0.0,0.5108438242189886,-2.9175489702874953
12.0,24.0,43.796711509716,9.0,8.0,7.148131257572746,0.0,0.8362210268615727,-3.028614586718799
15.0,42.0,96.71150971599404,3.0,2.0,5.290790181744798,0.0,0.6189407887551982,8.462167106176373
15.0,9.0,42.89985052316891,3.0,6.0,5.83245429948156,0.0,0.6823071300304855,6.286798542491244
15.0,76.0,56.65171898355755,9.0,8.0,7.148131257572746,0.0,0.8362210268615727,5.713351733348104
15.0,76.0,56.65171898355755,9.0,16.0,5.406777766390262,0.0,0.6325095459087089,4.646241346172145
15.0,64.0,43.19880418535127,9.0,7.0,6.0223749832025,0.0,0.704524918630146,4.5594624299192645
15.0,76.0,56.65171898355755,9.0,15.0,6.039162766556912,0.0,0.7064888301658335,4.503321916157099
15.0,76.0,56.65171898355755,9.0,14.0,5.429148081623564,0.0,0.6351265275087308,4.06672137151502
15.0,62.0,44.843049327354265,3.0,5.0,4.538149362054459,0.0,0.5308934297433403,2.425319916191043
15.0,2.0,42.15246636771301,9.0,17.0,5.578365070853041,0.0,0.6525826121079712,2.310930025063872
15.0,2.0,42.15246636771301,9.0,12.0,6.368769312558977,0.0,0.7450477086232131,0.7364292788047743
15.0,76.0,56.65171898355755,9.0,4.0,6.049689715560571,0.0,0.70772032071747,0.3897545831274181
16.0,27.0,50.224215246636774,16.0,9.0,5.406777766390262,1.0,0.6325095459087089,6.937567076671997
16.0,27.0,50.224215246636774,6.0,7.0,5.468397618176296,0.0,0.6397181174750167,2.519585697702287
16.0,27.0,50.224215246636774,7.0,6.0,5.468397618176296,0.0,0.6397181174750167,2.519585697702287
16.0,27.0,50.224215246636774,5.0,15.0,7.0375135318119275,0.0,0.8232804603146437,2.2917488447170866
16.0,27.0,50.224215246636774,3.0,16.0,7.3432075693606995,0.0,0.8590419443687708,2.036026766183917
16.0,27.0,50.224215246636774,6.0,5.0,5.370151251691832,0.0,0.6282248090134491,1.9275711897662255
16.0,22.0,48.729446935724965,8.0,11.0,6.832598580878645,0.0,0.7993085738852801,1.7973101959802062
16.0,27.0,50.224215246636774,3.0,8.0,8.548136231876935,0.0,1.0,1.7894020192011282
16.0,27.0,50.224215246636774,7.0,1.0,5.996165314143381,0.0,0.7014587918923221,1.6482505842592425
16.0,27.0,50.224215246636774,15.0,12.0,5.897960709076633,0.0,0.6899703688720463,1.5136318705330338
16.0,27.0,50.224215246636774,3.0,2.0,5.290790181744798,0.0,0.6189407887551982,1.4291768768971727
16.0,27.0,50.224215246636774,14.0,10.0,5.333470250012311,0.0,0.6239336979823996,1.3381098305299923
16.0,27.0,50.224215246636774,5.0,4.0,5.502070715074072,0.0,0.6436573500731362,1.1813402340447037
16.0,28.0,64.42451420029896,9.0,14.0,5.429148081623564,0.0,0.6351265275087308,1.0518604858833875
16.0,27.0,50.224215246636774,3.0,17.0,6.195750032142233,0.0,0.7248071233396589,0.9086340812793762
16.0,27.0,50.224215246636774,5.0,3.0,4.538149362054459,0.0,0.5308934297433403,-0.545624131092053
18.0,58.0,94.02092675635276,3.0,2.0,5.290790181744798,0.0,0.6189407887551982,8.462167106176373
18.0,39.0,72.6457399103139,3.0,8.0,8.548136231876935,0.0,1.0,6.385201572775215
18.0,39.0,72.6457399103139,3.0,14.0,8.234987995965957,0.0,0.9633664897918667,1.844986134630615
18.0,37.0,63.97608370702541,3.0,15.0,7.860794729083334,0.0,0.9195916531804408,1.6813723078476321
18.0,37.0,63.97608370702541,3.0,16.0,7.3432075693606995,0.0,0.8590419443687708,1.514976466626727
18.0,52.0,68.60986547085201,3.0,5.0,4.538149362054459,0.0,0.5308934297433403,0.20024668701021778
18.0,47.0,63.67713004484305,3.0,6.0,5.83245429948156,0.0,0.6823071300304855,-1.0078303910630588
18.0,47.0,63.67713004484305,3.0,17.0,6.195750032142233,0.0,0.7248071233396589,-1.0480917048227831
18.0,47.0,63.67713004484305,3.0,4.0,6.702032476634709,0.0,0.7840343549558905,-1.3564336687044525
21.0,38.0,72.94469357249626,3.0,8.0,8.548136231876935,0.0,1.0,6.385201572775215
21.0,18.0,73.24364723467862,3.0,2.0,5.290790181744798,0.0,0.6189407887551982,2.525863177975275
21.0,38.0,72.94469357249626,3.0,14.0,8.234987995965957,0.0,0.9633664897918667,1.844986134630615
21.0,37.0,61.88340807174888,3.0,15.0,7.860794729083334,0.0,0.9195916531804408,1.7262793664665754
21.0,37.0,61.88340807174888,3.0,16.0,7.3432075693606995,0.0,0.8590419443687708,1.5598835252456706
21.0,39.0,69.80568011958147,3.0,5.0,4.538149362054459,0.0,0.5308934297433403,0.2569207882355212
21.0,73.0,61.58445440956651,3.0,6.0,5.83245429948156,0.0,0.6823071300304855,-0.8888444750549994
21.0,73.0,61.58445440956651,3.0,17.0,6.195750032142233,0.0,0.7248071233396589,-0.9779013320765041
21.0,73.0,61.58445440956651,3.0,4.0,6.702032476634709,0.0,0.7840343549558905,-1.3186927164476299
22.0,68.0,49.47683109118087,9.0,8.0,7.148131257572746,1.0,0.8362210268615727,11.324470274916822
22.0,27.0,70.4035874439462,8.0,15.0,1.6937082421130696,0.0,0.19813772220861972,7.327546039875382
22.0,27.0,70.4035874439462,8.0,6.0,3.2730117855922356,0.0,0.38289186049548635,7.244665932851364
22.0,27.0,70.4035874439462,8.0,14.0,4.592908673969609,0.0,0.5372994240361015,7.235212852590525
22.0,27.0,70.4035874439462,8.0,16.0,4.446892862339431,0.0,0.5202178278063095,7.18181428276269
22.0,27.0,70.4035874439462,3.0,5.0,4.538149362054459,0.0,0.5308934297433403,4.094196020879845
22.0,27.0,70.4035874439462,5.0,3.0,4.538149362054459,0.0,0.5308934297433403,4.094196020879845
22.0,27.0,70.4035874439462,7.0,10.0,4.366762602636908,0.0,0.5108438242189886,3.9581561039134043
22.0,16.0,48.729446935724965,9.0,7.0,6.0223749832025,0.0,0.704524918630146,3.8323143869443363
22.0,27.0,70.4035874439462,14.0,12.0,4.677280559136008,0.0,0.5471696323338785,3.430733181889661
22.0,27.0,70.4035874439462,15.0,17.0,3.1302338200506785,0.0,0.36618904228242105,3.2372937123178667
22.0,27.0,70.4035874439462,15.0,4.0,3.737637821768112,0.0,0.43724593529874406,2.9705435738225985
22.0,27.0,70.4035874439462,3.0,2.0,5.290790181744798,0.0,0.6189407887551982,1.2525341429465655
22.0,27.0,70.4035874439462,15.0,9.0,6.039162766556912,0.0,0.7064888301658335,1.0225918574013872
22.0,27.0,70.4035874439462,8.0,11.0,6.832598580878645,0.0,0.7993085738852801,0.1878764011226597
22.0,27.0,70.4035874439462,7.0,1.0,5.996165314143381,0.0,0.7014587918923221,-1.39109473519849
24.0,27.0,50.97159940209267,15.0,9.0,6.039162766556912,1.0,0.7064888301658335,7.206182418800277
24.0,9.0,47.08520179372198,3.0,5.0,4.538149362054459,0.0,0.5308934297433403,3.4544343985893833
24.0,27.0,50.97159940209267,6.0,7.0,5.468397618176296,0.0,0.6397181174750167,3.0157823556516234
24.0,27.0,50.97159940209267,7.0,6.0,5.468397618176296,0.0,0.6397181174750167,3.0157823556516234
24.0,27.0,50.97159940209267,3.0,8.0,8.548136231876935,0.0,1.0,2.233256929123933
24.0,27.0,50.97159940209267,3.0,16.0,7.3432075693606995,0.0,0.8590419443687708,2.0808726473659216
24.0,27.0,50.97159940209267,5.0,15.0,7.0375135318119275,0.0,0.8232804603146437,1.9693089470053886
24.0,27.0,50.97159940209267,7.0,1.0,5.996165314143381,0.0,0.7014587918923221,1.9211500176783718
24.0,27.0,50.97159940209267,15.0,12.0,5.897960709076633,0.0,0.6899703688720463,1.8146003694160449
24.0,27.0,50.97159940209267,3.0,2.0,5.290790181744798,0.0,0.6189407887551982,1.7323628323066445
24.0,27.0,50.97159940209267,14.0,10.0,5.333470250012311,0.0,0.6239336979823996,1.623162431351249
24.0,27.0,50.97159940209267,5.0,4.0,5.502070715074072,0.0,0.6436573500731362,1.5522803884313432
24.0,27.0,50.97159940209267,3.0,17.0,6.195750032142233,0.0,0.7248071233396589,1.1536074004609016
24.0,27.0,50.97159940209267,3.0,14.0,8.234987995965957,0.0,0.9633664897918667,1.096296200152266
24.0,22.0,49.92526158445441,8.0,11.0,6.832598580878645,0.0,0.7993085738852801,1.0849350635446684
24.0,27.0,50.97159940209267,5.0,3.0,4.538149362054459,0.0,0.5308934297433403,-0.11955391900592231
25.0,47.0,63.97608370702541,3.0,8.0,8.548136231876935,0.0,1.0,5.779218794133751
25.0,18.0,71.74887892376681,3.0,2.0,5.290790181744798,0.0,0.6189407887551982,2.156822558091917
25.0,58.0,71.44992526158445,3.0,14.0,8.234987995965957,0.0,0.9633664897918667,2.0511402200758613
25.0,58.0,71.44992526158445,3.0,15.0,7.860794729083334,0.0,0.9195916531804408,1.9323907383285788
25.0,58.0,71.44992526158445,3.0,16.0,7.3432075693606995,0.0,0.8590419443687708,1.6466166018751767
25.0,58.0,71.44992526158445,3.0,5.0,4.538149362054459,0.0,0.5308934297433403,0.6190473979429667
25.0,73.0,62.92974588938714,3.0,6.0,5.83245429948156,0.0,0.6823071300304855,-0.9621112150123279
25.0,73.0,62.92974588938714,3.0,17.0,6.195750032142233,0.0,0.7248071233396589,-1.0486615635357035
25.0,73.0,62.92974588938714,3.0,4.0,6.702032476634709,0.0,0.7840343549558905,-1.3570035274173728
27.0,28.0,48.729446935724965,9.0,8.0,7.148131257572746,1.0,0.8362210268615727,10.474910820298321
27.0,22.0,70.4035874439462,8.0,15.0,1.6937082421130696,1.0,0.19813772220861972,7.327546039875382
27.0,22.0,70.4035874439462,8.0,6.0,3.2730117855922356,1.0,0.38289186049548635,7.244665932851364
27.0,22.0,70.4035874439462,8.0,14.0,4.592908673969609,1.0,0.5372994240361015,7.235212852590525
27.0,22.0,70.4035874439462,8.0,16.0,4.446892862339431,1.0,0.5202178278063095,7.18181428276269
27.0,9.0,48.729446935724965,3.0,5.0,4.538149362054459,1.0,0.5308934297433403,6.17892466534426
27.0,33.0,47.98206278026906,9.0,7.0,6.0223749832025,1.0,0.704524918630146,4.413877761293501
27.0,22.0,70.4035874439462,8.0,17.0,4.265608931865603,0.0,0.4990104060296419,3.074362307521776
27.0,28.0,48.729446935724965,9.0,4.0,6.049689715560571,0.0,0.70772032071747,1.856567042404651
27.0,28.0,48.729446935724965,9.0,12.0,6.368769312558977,0.0,0.7450477086232131,1.1794633348989085
27.0,9.0,48.729446935724965,3.0,2.0,5.290790181744798,0.0,0.6189407887551982,0.7970522795619015
27.0,22.0,70.4035874439462,8.0,11.0,6.832598580878645,0.0,0.7993085738852801,0.1878764011226597
28.0,27.0,48.729446935724965,15.0,9.0,6.039162766556912,1.0,0.7064888301658335,7.079708435786484
28.0,27.0,48.729446935724965,3.0,5.0,4.538149362054459,0.0,0.5308934297433403,6.17892466534426
28.0,27.0,48.729446935724965,5.0,3.0,4.538149362054459,0.0,0.5308934297433403,6.17892466534426
28.0,27.0,48.729446935724965,5.0,15.0,7.0375135318119275,0.0,0.8232804603146437,2.9820822847593487
28.0,27.0,48.729446935724965,3.0,16.0,7.3432075693606995,0.0,0.8590419443687708,2.675279995333354
28.0,27.0,48.729446935724965,3.0,8.0,8.548136231876935,0.0,1.0,2.4471974260390446
28.0,27.0,48.729446935724965,3.0,6.0,5.83245429948156,0.0,0.6823071300304855,2.2310167063417707
28.0,27.0,48.729446935724965,15.0,12.0,5.897960709076633,0.0,0.6899703688720463,2.2223330054761266
28.0,27.0,48.729446935724965,7.0,1.0,5.996165314143381,0.0,0.7014587918923221,2.207568475064214
28.0,27.0,48.729446935724965,6.0,7.0,5.468397618176296,0.0,0.6397181174750167,1.8789712586916187
28.0,27.0,48.729446935724965,8.0,11.0,6.832598580878645,0.0,0.7993085738852801,1.7973101959802062
28.0,33.0,60.53811659192825,9.0,14.0,5.429148081623564,0.0,0.6351265275087308,1.7698366511525983
28.0,27.0,48.729446935724965,14.0,10.0,5.333470250012311,0.0,0.6239336979823996,1.6539895778462863
28.0,27.0,48.729446935724965,3.0,17.0,6.195750032142233,0.0,0.7248071233396589,1.3235309966074502
28.0,27.0,48.729446935724965,5.0,4.0,5.502070715074072,0.0,0.6436573500731362,1.1794693926284903
28.0,27.0,48.729446935724965,3.0,2.0,5.290790181744798,0.0,0.6189407887551982,0.7970522795619015
30.0,27.0,50.0747384155456,15.0,9.0,6.039162766556912,1.0,0.7064888301658335,6.955715200185575
30.0,62.0,48.13153961136024,3.0,8.0,8.548136231876935,0.0,1.0,3.6494267952980275
30.0,27.0,50.0747384155456,6.0,7.0,5.468397618176296,0.0,0.6397181174750167,2.496059351351681
30.0,27.0,50.0747384155456,7.0,6.0,5.468397618176296,0.0,0.6397181174750167,2.496059351351681
30.0,27.0,50.0747384155456,5.0,15.0,7.0375135318119275,0.0,0.8232804603146437,2.3153752758282073
30.0,27.0,50.0747384155456,3.0,16.0,7.3432075693606995,0.0,0.8590419443687708,2.0596531972950367
30.0,27.0,50.0747384155456,6.0,5.0,5.370151251691832,0.0,0.6282248090134491,1.9207365363527262
30.0,22.0,49.62630792227205,8.0,11.0,6.832598580878645,0.0,0.7993085738852801,1.672697897212252
30.0,27.0,50.0747384155456,7.0,1.0,5.996165314143381,0.0,0.7014587918923221,1.6718770153703637
30.0,27.0,50.0747384155456,15.0,12.0,5.897960709076633,0.0,0.6899703688720463,1.537258301644155
30.0,27.0,50.0747384155456,3.0,2.0,5.290790181744798,0.0,0.6189407887551982,1.4223422234836736
30.0,27.0,50.0747384155456,14.0,10.0,5.333470250012311,0.0,0.6239336979823996,1.3312751771164926
30.0,28.0,63.67713004484305,9.0,14.0,5.429148081623564,0.0,0.6351265275087308,1.1993056195251528
30.0,27.0,50.0747384155456,5.0,4.0,5.502070715074072,0.0,0.6436573500731362,1.1815968317990393
30.0,27.0,50.0747384155456,3.0,17.0,6.195750032142233,0.0,0.7248071233396589,0.9322605123904976
30.0,27.0,50.0747384155456,5.0,3.0,4.538149362054459,0.0,0.5308934297433403,-0.5524587845055517
33.0,27.0,47.98206278026906,15.0,9.0,6.039162766556912,1.0,0.7064888301658335,7.054649202590607
33.0,62.0,48.13153961136024,3.0,8.0,8.548136231876935,0.0,1.0,3.6494267952980275
33.0,27.0,47.98206278026906,7.0,1.0,5.996165314143381,0.0,0.7014587918923221,2.3803923696806004
33.0,28.0,60.53811659192825,9.0,16.0,5.406777766390262,0.0,0.6325095459087089,2.287092850687797
33.0,27.0,47.98206278026906,15.0,12.0,5.897960709076633,0.0,0.6899703688720463,2.245620741346583
33.0,27.0,47.98206278026906,3.0,6.0,5.83245429948156,0.0,0.6823071300304855,2.171370611475096
33.0,27.0,47.98206278026906,6.0,7.0,5.468397618176296,0.0,0.6397181174750167,2.118119597632249
33.0,28.0,60.53811659192825,9.0,15.0,6.039162766556912,0.0,0.7064888301658335,2.013533734298401
33.0,27.0,47.98206278026906,6.0,5.0,5.370151251691832,0.0,0.6282248090134491,1.8241758951332034
33.0,28.0,60.53811659192825,9.0,14.0,5.429148081623564,0.0,0.6351265275087308,1.7698366511525983
33.0,22.0,49.775784753363226,8.0,11.0,6.832598580878645,0.0,0.7993085738852801,1.6107133016221262
33.0,27.0,47.98206278026906,14.0,10.0,5.333470250012311,0.0,0.6239336979823996,1.447838672878162
33.0,27.0,47.98206278026906,5.0,4.0,5.502070715074072,0.0,0.6436573500731362,1.4464119374490787
33.0,27.0,47.98206278026906,3.0,17.0,6.195750032142233,0.0,0.7248071233396589,0.8588938758392773
33.0,27.0,47.98206278026906,3.0,2.0,5.290790181744798,0.0,0.6189407887551982,0.6342177589238116
33.0,27.0,47.98206278026906,5.0,3.0,4.538149362054459,0.0,0.5308934297433403,0.004762507193559929
37.0,61.0,72.6457399103139,3.0,8.0,8.548136231876935,0.0,1.0,6.385201572775215
37.0,73.0,83.40807174887892,3.0,2.0,5.290790181744798,0.0,0.6189407887551982,3.1558979057777066
37.0,61.0,72.6457399103139,8.0,14.0,4.592908673969609,0.0,0.5372994240361015,2.1332058907184246
37.0,25.0,62.03288490284006,3.0,15.0,7.860794729083334,0.0,0.9195916531804408,1.7256665627059982
37.0,25.0,62.03288490284006,3.0,16.0,7.3432075693606995,0.0,0.8590419443687708,1.5592707214850932
37.0,61.0,72.6457399103139,8.0,6.0,3.2730117855922356,0.0,0.38289186049548635,1.553711512851623
37.0,61.0,72.6457399103139,8.0,4.0,4.925985510424875,0.0,0.5762642729131218,0.7630004577117832
37.0,61.0,72.6457399103139,7.0,17.0,4.812940507383852,0.0,0.5630397523890495,0.26653068274746494
37.0,38.0,65.6203288490284,3.0,5.0,4.538149362054459,0.0,0.5308934297433403,0.15334164893644595
37.0,61.0,72.6457399103139,7.0,10.0,4.366762602636908,0.0,0.5108438242189886,-0.8625370519400043
37.0,61.0,72.6457399103139,7.0,12.0,3.960637987243478,0.0,0.4633335126871078,-0.9591086976451819
37.0,61.0,72.6457399103139,8.0,7.0,6.736192038358631,0.0,0.7880304964301614,-1.2687736930309856
37.0,61.0,72.6457399103139,7.0,1.0,5.996165314143381,0.0,0.7014587918923221,-1.859699096021906
37.0,61.0,72.6457399103139,8.0,11.0,6.832598580878645,0.0,0.7993085738852801,-1.8737416975070889
38.0,39.0,70.85201793721974,3.0,8.0,8.548136231876935,0.0,1.0,7.3203764316914155
38.0,39.0,70.85201793721974,3.0,14.0,8.234987995965957,0.0,0.9633664897918667,3.6100837911681016
38.0,39.0,70.85201793721974,3.0,15.0,7.860794729083334,0.0,0.9195916531804408,3.5701167589182794
38.0,39.0,70.85201793721974,3.0,16.0,7.3432075693606995,0.0,0.8590419443687708,3.242436413184443
38.0,18.0,73.99103139013454,3.0,2.0,5.290790181744798,0.0,0.6189407887551982,2.525863177975275
38.0,39.0,70.85201793721974,3.0,5.0,4.538149362054459,0.0,0.5308934297433403,1.9746976202461588
38.0,39.0,70.85201793721974,3.0,17.0,6.195750032142233,0.0,0.7248071233396589,-1.0494202289667214
38.0,39.0,70.85201793721974,3.0,4.0,6.702032476634709,0.0,0.7840343549558905,-1.0511440817106283
38.0,39.0,70.85201793721974,3.0,6.0,5.83245429948156,0.0,0.6823071300304855,-1.0850865916262247
39.0,38.0,70.85201793721974,3.0,8.0,8.548136231876935,0.0,1.0,7.3203764316914155
39.0,38.0,70.85201793721974,3.0,14.0,8.234987995965957,0.0,0.9633664897918667,3.6100837911681016
39.0,38.0,70.85201793721974,3.0,15.0,7.860794729083334,0.0,0.9195916531804408,3.5701167589182794
39.0,38.0,70.85201793721974,3.0,16.0,7.3432075693606995,0.0,0.8590419443687708,3.242436413184443
39.0,49.0,80.86696562032884,3.0,2.0,5.290790181744798,0.0,0.6189407887551982,2.6825263278507867
39.0,38.0,70.85201793721974,3.0,5.0,4.538149362054459,0.0,0.5308934297433403,1.9746976202461588
39.0,58.0,71.00149476831092,3.0,17.0,6.195750032142233,0.0,0.7248071233396589,-0.9200227711018139
39.0,37.0,62.4813153961136,3.0,6.0,5.83245429948156,0.0,0.6823071300304855,-0.944769254355102
39.0,58.0,71.00149476831092,3.0,4.0,6.702032476634709,0.0,0.7840343549558905,-1.0462044908045454
42.0,15.0,96.71150971599404,3.0,2.0,5.290790181744798,0.0,0.6189407887551982,8.462167106176373
42.0,76.0,56.20328849028401,9.0,8.0,7.148131257572746,0.0,0.8362210268615727,6.402895830151054
42.0,57.0,42.600896860986545,3.0,6.0,5.83245429948156,0.0,0.6823071300304855,6.353126451496474
42.0,28.0,41.85351270553064,9.0,7.0,6.0223749832025,0.0,0.704524918630146,5.700742248873816
42.0,76.0,56.20328849028401,9.0,16.0,5.406777766390262,0.0,0.6325095459087089,5.216918408310875
42.0,76.0,56.20328849028401,9.0,15.0,6.039162766556912,0.0,0.7064888301658335,5.1089415726706635
42.0,76.0,56.20328849028401,9.0,14.0,5.429148081623564,0.0,0.6351265275087308,4.549153585189095
42.0,62.0,44.843049327354265,3.0,5.0,4.538149362054459,0.0,0.5308934297433403,2.425319916191043
42.0,30.0,42.15246636771301,9.0,17.0,5.578365070853041,0.0,0.6525826121079712,2.310930025063872
42.0,9.0,42.45142002989537,3.0,4.0,6.702032476634709,0.0,0.7840343549558905,1.7280765165552285
42.0,30.0,42.15246636771301,9.0,12.0,6.368769312558977,0.0,0.7450477086232131,0.7364292788047743
44.0,52.0,61.285500747384155,3.0,8.0,8.548136231876935,0.0,1.0,6.303099470804198
44.0,58.0,87.4439461883408,3.0,2.0,5.290790181744798,0.0,0.6189407887551982,3.9366368514734753
44.0,47.0,56.20328849028401,3.0,16.0,7.3432075693606995,0.0,0.8590419443687708,1.7541061447812636
44.0,52.0,61.285500747384155,3.0,14.0,8.234987995965957,0.0,0.9633664897918667,1.7534692217519825
44.0,39.0,64.12556053811659,3.0,15.0,7.860794729083334,0.0,0.9195916531804408,1.665922596154895
44.0,47.0,56.20328849028401,3.0,6.0,5.83245429948156,0.0,0.6823071300304855,0.8743749332669051
44.0,49.0,65.32137518684604,3.0,5.0,4.538149362054459,0.0,0.5308934297433403,0.15793983623841293
44.0,47.0,56.20328849028401,3.0,17.0,6.195750032142233,0.0,0.7248071233396589,0.006349537694068499
44.0,47.0,56.20328849028401,3.0,4.0,6.702032476634709,0.0,0.7840343549558905,-0.3296396628013309
47.0,61.0,76.98056801195816,3.0,8.0,8.548136231876935,0.0,1.0,6.411433340944385
47.0,73.0,84.90284005979073,3.0,2.0,5.290790181744798,0.0,0.6189407887551982,3.2892763448174636
47.0,61.0,76.98056801195816,8.0,14.0,4.592908673969609,0.0,0.5372994240361015,2.1123131101166748
47.0,25.0,63.97608370702541,3.0,15.0,7.860794729083334,0.0,0.9195916531804408,1.6813723078476321
47.0,61.0,76.98056801195816,8.0,6.0,3.2730117855922356,0.0,0.38289186049548635,1.5609573338671268
47.0,25.0,63.97608370702541,3.0,16.0,7.3432075693606995,0.0,0.8590419443687708,1.514976466626727
47.0,61.0,76.98056801195816,8.0,4.0,4.925985510424875,0.0,0.5762642729131218,0.7043721684350824
47.0,61.0,76.98056801195816,7.0,17.0,4.812940507383852,0.0,0.5630397523890495,0.24563790214571496
47.0,38.0,65.76980568011959,3.0,5.0,4.538149362054459,0.0,0.5308934297433403,0.11804553098539065
47.0,61.0,76.98056801195816,7.0,10.0,4.366762602636908,0.0,0.5108438242189886,-0.8552912309245008
47.0,61.0,76.98056801195816,7.0,12.0,3.960637987243478,0.0,0.4633335126871078,-0.951862876629678
47.0,61.0,76.98056801195816,8.0,7.0,6.736192038358631,0.0,0.7880304964301614,-1.2494153774344536
47.0,61.0,76.98056801195816,7.0,1.0,5.996165314143381,0.0,0.7014587918923221,-1.8403407804253722
47.0,61.0,76.98056801195816,8.0,11.0,6.832598580878645,0.0,0.7993085738852801,-1.8543833819105568
49.0,18.0,74.14050822122572,3.0,8.0,8.548136231876935,0.0,1.0,6.384906984462792
49.0,39.0,80.86696562032884,3.0,2.0,5.290790181744798,0.0,0.6189407887551982,2.6825263278507867
49.0,18.0,74.14050822122572,3.0,14.0,8.234987995965957,0.0,0.9633664897918667,1.8446915463181928
49.0,37.0,63.82660687593423,3.0,15.0,7.860794729083334,0.0,0.9195916531804408,1.6813723078476321
49.0,37.0,63.82660687593423,3.0,16.0,7.3432075693606995,0.0,0.8590419443687708,1.514976466626727
49.0,25.0,70.10463378176382,3.0,5.0,4.538149362054459,0.0,0.5308934297433403,0.4430118760648246
49.0,47.0,63.52765321375187,3.0,6.0,5.83245429948156,0.0,0.6823071300304855,-0.9811554019872892
49.0,47.0,63.52765321375187,3.0,17.0,6.195750032142233,0.0,0.7248071233396589,-1.045374020252365
49.0,47.0,63.52765321375187,3.0,4.0,6.702032476634709,0.0,0.7840343549558905,-1.3537159841340338
52.0,37.0,62.18236173393124,3.0,8.0,8.548136231876935,0.0,1.0,6.124852332745136
52.0,47.0,62.63079222720478,3.0,14.0,8.234987995965957,0.0,0.9633664897918667,1.706955441291012
52.0,37.0,62.18236173393124,3.0,15.0,7.860794729083334,0.0,0.9195916531804408,1.690190158240136
52.0,37.0,62.18236173393124,3.0,16.0,7.3432075693606995,0.0,0.8590419443687708,1.5237943170192312
52.0,58.0,68.75934230194319,3.0,2.0,5.290790181744798,0.0,0.6189407887551982,1.343974620610877
52.0,58.0,68.75934230194319,3.0,5.0,4.538149362054459,0.0,0.5308934297433403,0.20181805943794354
52.0,37.0,62.18236173393124,3.0,6.0,5.83245429948156,0.0,0.6823071300304855,-0.9070236059740763
52.0,73.0,62.78026905829597,3.0,17.0,6.195750032142233,0.0,0.7248071233396589,-0.9982909063269293
52.0,73.0,62.78026905829597,3.0,4.0,6.702032476634709,0.0,0.7840343549558905,-1.3066328702085983
53.0,72.0,41.85351270553064,10.0,13.0,2.512491177027655,1.0,0.29392268780863606,8.482253104664423
53.0,72.0,41.85351270553064,10.0,11.0,2.7237443757516453,1.0,0.3186360513996612,8.479251465045568
53.0,72.0,41.85351270553064,10.0,12.0,1.6361254086942745,1.0,0.19140141948053938,8.418950649629776
53.0,24.0,35.874439461883405,9.0,16.0,5.406777766390262,1.0,0.6325095459087089,5.0379391781350975
53.0,24.0,35.874439461883405,9.0,15.0,6.039162766556912,1.0,0.7064888301658335,4.722493430781976
53.0,70.0,71.898355754858,16.0,17.0,2.3830348632304506,1.0,0.27877829723207415,4.537308560167732
53.0,60.0,70.10463378176382,16.0,9.0,5.406777766390262,0.0,0.6325095459087089,1.0756084228677196
53.0,72.0,41.85351270553064,10.0,1.0,2.451085526016759,0.0,0.2867391744268643,1.0540433709625228
53.0,60.0,70.10463378176382,15.0,14.0,3.1442129058789723,0.0,0.36782437955935454,0.4796179796789771
53.0,70.0,71.898355754858,17.0,7.0,4.812940507383852,0.0,0.5630397523890495,0.43760721890316207
53.0,70.0,71.898355754858,15.0,6.0,2.389907146567233,0.0,0.27958224830987227,0.3484061675529343
53.0,70.0,71.898355754858,17.0,5.0,4.803573686125157,0.0,0.5619439788771855,0.22477550556307713
53.0,70.0,71.898355754858,16.0,8.0,4.446892862339431,0.0,0.5202178278063095,0.10193308498125178
53.0,70.0,71.898355754858,17.0,4.0,2.0379707150441826,0.0,0.23841111790478572,0.05655582310755486
57.0,27.0,47.53363228699551,3.0,5.0,4.538149362054459,0.0,0.5308934297433403,8.384271554552651
57.0,27.0,47.53363228699551,5.0,3.0,4.538149362054459,1.0,0.5308934297433403,8.384271554552651
57.0,62.0,70.254110612855,3.0,8.0,8.548136231876935,0.0,1.0,4.667816884803721
57.0,9.0,88.34080717488789,3.0,2.0,5.290790181744798,0.0,0.6189407887551982,4.029338408869159
57.0,68.0,46.18834080717489,9.0,7.0,6.0223749832025,0.0,0.704524918630146,3.5452935556111123
57.0,68.0,46.18834080717489,9.0,6.0,5.832013957395133,0.0,0.6822556168029839,2.7675270182042757
57.0,62.0,70.254110612855,3.0,15.0,7.860794729083334,0.0,0.9195916531804408,1.7882079506550204
57.0,62.0,70.254110612855,3.0,14.0,8.234987995965957,0.0,0.9633664897918667,1.5830598261885367
57.0,68.0,46.18834080717489,9.0,17.0,5.578365070853041,0.0,0.6525826121079712,1.4275402777941038
57.0,62.0,70.254110612855,3.0,16.0,7.3432075693606995,0.0,0.8590419443687708,1.40338717891363
57.0,27.0,47.53363228699551,7.0,10.0,4.366762602636908,0.0,0.5108438242189886,0.3956982381967631
57.0,27.0,47.53363228699551,14.0,12.0,4.677280559136008,0.0,0.5471696323338785,0.33716422408042224
57.0,27.0,47.53363228699551,15.0,9.0,6.039162766556912,0.0,0.7064888301658335,0.22532443647285863
57.0,27.0,47.53363228699551,8.0,11.0,6.832598580878645,0.0,0.7993085738852801,0.127345840857594
57.0,27.0,47.53363228699551,15.0,4.0,3.737637821768112,0.0,0.43724593529874406,-0.19372987890494708
57.0,27.0,47.53363228699551,7.0,1.0,5.996165314143381,0.0,0.7014587918923221,-1.392235497572436
58.0,18.0,94.02092675635276,3.0,2.0,5.290790181744798,0.0,0.6189407887551982,8.462167106176373
58.0,39.0,71.00149476831092,3.0,8.0,8.548136231876935,0.0,1.0,6.768147917207781
58.0,39.0,71.00149476831092,3.0,15.0,7.860794729083334,0.0,0.9195916531804408,3.0197211933144366
58.0,39.0,71.00149476831092,3.0,14.0,8.234987995965957,0.0,0.9633664897918667,2.941188730374226
58.0,39.0,71.00149476831092,3.0,16.0,7.3432075693606995,0.0,0.8590419443687708,2.663919974805246
58.0,39.0,71.00149476831092,3.0,5.0,4.538149362054459,0.0,0.5308934297433403,1.6027403899348187
58.0,39.0,71.00149476831092,3.0,17.0,6.195750032142233,0.0,0.7248071233396589,-0.9200227711018139
58.0,47.0,62.92974588938714,3.0,6.0,5.83245429948156,0.0,0.6823071300304855,-0.9621112150123279
58.0,39.0,71.00149476831092,3.0,4.0,6.702032476634709,0.0,0.7840343549558905,-1.0462044908045454
60.0,70.0,90.5829596412556,15.0,16.0,2.9643838413680696,1.0,0.34678715464472337,5.652971346659563
60.0,70.0,90.5829596412556,16.0,15.0,2.9643838413680696,1.0,0.34678715464472337,5.652971346659563
60.0,70.0,90.5829596412556,16.0,17.0,2.3830348632304506,1.0,0.27877829723207415,5.078626040297442
60.0,53.0,70.10463378176382,17.0,12.0,4.5317536136013725,0.0,0.5301452258916941,1.5136985172003337
60.0,53.0,70.10463378176382,12.0,1.0,3.068764032955733,0.0,0.35899802596874586,1.3294282489937677
60.0,53.0,70.10463378176382,12.0,11.0,3.074547622200053,0.0,0.3596746166415468,1.1559140069600806
60.0,53.0,70.10463378176382,16.0,9.0,5.406777766390262,0.0,0.6325095459087089,1.0756084228677196
60.0,70.0,90.5829596412556,15.0,14.0,3.1442129058789723,0.0,0.36782437955935454,1.065420191404695
60.0,53.0,70.10463378176382,10.0,4.0,5.08808767504322,0.0,0.5952277241522175,0.8307428916440915
60.0,70.0,90.5829596412556,15.0,6.0,2.389907146567233,0.0,0.27958224830987227,0.7658599976798837
60.0,70.0,90.5829596412556,17.0,7.0,4.812940507383852,0.0,0.5630397523890495,0.6634210575597773
60.0,70.0,90.5829596412556,17.0,5.0,4.803573686125157,0.0,0.5619439788771855,0.41442082719231954
60.0,53.0,70.10463378176382,16.0,8.0,4.446892862339431,0.0,0.5202178278063095,-0.07233167108332014
60.0,53.0,70.10463378176382,11.0,13.0,1.9748799325505024,0.0,0.2310304701492659,-0.2432746099318869
60.0,53.0,70.10463378176382,13.0,10.0,2.512491177027655,0.0,0.29392268780863606,-3.5277539176110633
61.0,39.0,59.04334828101644,3.0,8.0,8.548136231876935,1.0,1.0,6.4749620695676295
61.0,47.0,76.98056801195816,3.0,2.0,5.290790181744798,0.0,0.6189407887551982,2.5455160818842297
61.0,47.0,76.98056801195816,3.0,14.0,8.234987995965957,0.0,0.9633664897918667,1.8712179027997853
61.0,39.0,59.04334828101644,3.0,15.0,7.860794729083334,0.0,0.9195916531804408,1.6608408012204274
61.0,39.0,59.04334828101644,3.0,16.0,7.3432075693606995,0.0,0.8590419443687708,1.5824518466565909
61.0,38.0,60.98654708520179,3.0,5.0,4.538149362054459,0.0,0.5308934297433403,-0.1580730173968757
61.0,25.0,58.29596412556054,3.0,6.0,5.83245429948156,0.0,0.6823071300304855,-0.48400572667864933
61.0,25.0,58.29596412556054,3.0,17.0,6.195750032142233,0.0,0.7248071233396589,-0.5087520606935378
61.0,25.0,58.29596412556054,3.0,4.0,6.702032476634709,0.0,0.7840343549558905,-0.8363416093937067
62.0,27.0,47.384155455904335,3.0,5.0,4.538149362054459,0.0,0.5308934297433403,8.725857448497342
62.0,27.0,47.384155455904335,5.0,3.0,4.538149362054459,1.0,0.5308934297433403,8.725857448497342
62.0,57.0,70.254110612855,3.0,8.0,8.548136231876935,0.0,1.0,4.667816884803721
62.0,33.0,48.13153961136024,9.0,16.0,5.406777766390262,0.0,0.6325095459087089,4.654734774421386
62.0,33.0,48.13153961136024,9.0,15.0,6.039162766556912,0.0,0.7064888301658335,4.589206762503136
62.0,16.0,47.83258594917787,9.0,7.0,6.0223749832025,0.0,0.704524918630146,2.409814391793048
62.0,9.0,72.34678624813155,3.0,2.0,5.290790181744798,0.0,0.6189407887551982,2.3296651031403344
62.0,57.0,70.254110612855,3.0,14.0,8.234987995965957,0.0,0.9633664897918667,1.5830598261885367
62.0,28.0,47.23467862481316,9.0,6.0,5.832013957395133,0.0,0.6822556168029839,1.2297791784599863
62.0,27.0,47.384155455904335,14.0,12.0,4.677280559136008,0.0,0.5471696323338785,0.6781776561695315
62.0,27.0,47.384155455904335,7.0,10.0,4.366762602636908,0.0,0.5108438242189886,0.6014152248015426
62.0,27.0,47.384155455904335,5.0,17.0,4.803573686125157,0.0,0.5619439788771855,0.543694055219349
62.0,27.0,47.384155455904335,15.0,9.0,6.039162766556912,0.0,0.7064888301658335,0.05256406118982529
62.0,27.0,47.384155455904335,15.0,4.0,3.737637821768112,0.0,0.43724593529874406,0.045273591634506456
62.0,27.0,47.384155455904335,8.0,11.0,6.832598580878645,0.0,0.7993085738852801,-0.5497211321607884
62.0,27.0,47.384155455904335,7.0,1.0,5.996165314143381,0.0,0.7014587918923221,-0.8910975531469503
64.0,27.0,50.82212257100149,15.0,9.0,6.039162766556912,1.0,0.7064888301658335,7.212904780352647
64.0,27.0,50.82212257100149,6.0,7.0,5.468397618176296,0.0,0.6397181174750167,2.8817590852149357
64.0,27.0,50.82212257100149,7.0,6.0,5.468397618176296,0.0,0.6397181174750167,2.8817590852149357
64.0,27.0,50.82212257100149,6.0,5.0,5.370151251691832,0.0,0.6282248090134491,2.178358794979882
64.0,27.0,50.82212257100149,3.0,8.0,8.548136231876935,0.0,1.0,2.0856565231229407
64.0,27.0,50.82212257100149,3.0,16.0,7.3432075693606995,0.0,0.8590419443687708,2.010690184383866
64.0,27.0,50.82212257100149,5.0,15.0,7.0375135318119275,0.0,0.8232804603146437,1.9678293392822392
64.0,27.0,50.82212257100149,7.0,1.0,5.996165314143381,0.0,0.7014587918923221,1.9142771966014231
64.0,27.0,50.82212257100149,15.0,12.0,5.897960709076633,0.0,0.6899703688720463,1.7690265730392256
64.0,27.0,50.82212257100149,3.0,2.0,5.290790181744798,0.0,0.6189407887551982,1.6819134255235029
64.0,27.0,50.82212257100149,14.0,10.0,5.333470250012311,0.0,0.6239336979823996,1.5888974357436483
64.0,27.0,50.82212257100149,5.0,4.0,5.502070715074072,0.0,0.6436573500731362,1.4548016525443148
64.0,27.0,50.82212257100149,3.0,17.0,6.195750032142233,0.0,0.7248071233396589,1.129559406672852
64.0,28.0,65.17189835575485,9.0,14.0,5.429148081623564,0.0,0.6351265275087308,1.0169858455801881
64.0,27.0,50.82212257100149,8.0,11.0,6.832598580878645,0.0,0.7993085738852801,0.9446107571308952
64.0,27.0,50.82212257100149,5.0,3.0,4.538149362054459,0.0,0.5308934297433403,-0.16928283240191708
68.0,27.0,49.92526158445441,15.0,9.0,6.039162766556912,1.0,0.7064888301658335,6.315990558871077
68.0,27.0,49.92526158445441,3.0,16.0,7.3432075693606995,0.0,0.8590419443687708,2.4770916514728705
68.0,27.0,49.92526158445441,5.0,15.0,7.0375135318119275,0.0,0.8232804603146437,2.4135065519972168
68.0,27.0,49.92526158445441,6.0,7.0,5.468397618176296,0.0,0.6397181174750167,1.9161380259406464
68.0,27.0,49.92526158445441,7.0,6.0,5.468397618176296,0.0,0.6397181174750167,1.9161380259406464
68.0,28.0,64.12556053811659,9.0,8.0,7.148131257572746,0.0,0.8362210268615727,1.7539842674744361
68.0,22.0,49.47683109118087,8.0,11.0,6.832598580878645,0.0,0.7993085738852801,1.668791954345337
68.0,27.0,49.92526158445441,6.0,5.0,5.370151251691832,0.0,0.6282248090134491,1.3916466786124204
68.0,27.0,49.92526158445441,7.0,1.0,5.996165314143381,0.0,0.7014587918923221,1.186061806395452
68.0,27.0,49.92526158445441,3.0,14.0,8.234987995965957,0.0,0.9633664897918667,1.165004611833267
68.0,27.0,49.92526158445441,15.0,12.0,5.897960709076633,0.0,0.6899703688720463,1.0514430926692409
68.0,27.0,49.92526158445441,14.0,10.0,5.333470250012311,0.0,0.6239336979823996,0.8143522516234298
68.0,27.0,49.92526158445441,3.0,2.0,5.290790181744798,0.0,0.6189407887551982,0.7992356314621971
68.0,27.0,49.92526158445441,5.0,4.0,5.502070715074072,0.0,0.6436573500731362,0.6246313807607514
68.0,27.0,49.92526158445441,3.0,17.0,6.195750032142233,0.0,0.7248071233396589,0.5426860450850965
68.0,27.0,49.92526158445441,5.0,3.0,4.538149362054459,0.0,0.5308934297433403,-0.3844351374701668
70.0,60.0,90.5829596412556,15.0,16.0,2.9643838413680696,1.0,0.34678715464472337,5.652971346659563
70.0,60.0,90.5829596412556,16.0,15.0,2.9643838413680696,1.0,0.34678715464472337,5.652971346659563
70.0,60.0,90.5829596412556,16.0,17.0,2.3830348632304506,1.0,0.27877829723207415,5.078626040297442
70.0,53.0,71.898355754858,17.0,12.0,4.5317536136013725,0.0,0.5301452258916941,1.5343547749026127
70.0,53.0,71.898355754858,12.0,1.0,3.068764032955733,0.0,0.35899802596874586,1.4732349355186294
70.0,53.0,71.898355754858,12.0,11.0,3.074547622200053,0.0,0.3596746166415468,1.3063845759284827
70.0,53.0,71.898355754858,10.0,4.0,5.08808767504322,0.0,0.5952277241522175,1.1542962694444248
70.0,60.0,90.5829596412556,15.0,14.0,3.1442129058789723,0.0,0.36782437955935454,1.065420191404695
70.0,60.0,90.5829596412556,15.0,6.0,2.389907146567233,0.0,0.27958224830987227,0.7658599976798837
70.0,60.0,90.5829596412556,17.0,7.0,4.812940507383852,0.0,0.5630397523890495,0.6634210575597773
70.0,60.0,90.5829596412556,17.0,5.0,4.803573686125157,0.0,0.5619439788771855,0.41442082719231954
70.0,60.0,90.5829596412556,16.0,9.0,5.406777766390262,0.0,0.6325095459087089,0.30849486523133596
70.0,53.0,71.898355754858,16.0,8.0,4.446892862339431,0.0,0.5202178278063095,0.10193308498125178
70.0,53.0,71.898355754858,11.0,13.0,1.9748799325505024,0.0,0.2310304701492659,-0.11131545078233403
70.0,53.0,71.898355754858,13.0,10.0,2.512491177027655,0.0,0.29392268780863606,-3.7665180118122787
71.0,62.0,38.86397608370702,3.0,2.0,5.290790181744798,1.0,0.6189407887551982,9.687546912499354
71.0,76.0,40.20926756352765,9.0,15.0,6.039162766556912,0.0,0.7064888301658335,5.179992673840473
71.0,76.0,40.20926756352765,9.0,16.0,5.406777766390262,0.0,0.6325095459087089,5.074854561811247
71.0,62.0,38.86397608370702,3.0,5.0,4.538149362054459,0.0,0.5308934297433403,4.234073895249517
71.0,16.0,39.01345291479821,9.0,17.0,5.578365070853041,0.0,0.6525826121079712,3.648151319622495
71.0,3.0,41.70403587443946,7.0,1.0,5.996165314143381,0.0,0.7014587918923221,2.571031728079193
71.0,3.0,41.70403587443946,7.0,14.0,2.939612022704677,0.0,0.34388923421020623,2.071250952441675
71.0,76.0,40.20926756352765,9.0,7.0,6.0223749832025,0.0,0.704524918630146,1.5112661052707983
71.0,3.0,41.70403587443946,7.0,6.0,5.468397618176296,0.0,0.6397181174750167,1.4955091607086008
71.0,76.0,40.20926756352765,9.0,4.0,6.049689715560571,0.0,0.70772032071747,0.560622614562517
71.0,76.0,40.20926756352765,9.0,12.0,6.368769312558977,0.0,0.7450477086232131,0.3013136895008862
71.0,12.0,43.946188340807176,6.0,8.0,3.2730117855922356,0.0,0.38289186049548635,-2.3489514231209867
71.0,3.0,41.70403587443946,7.0,10.0,4.366762602636908,0.0,0.5108438242189886,-2.438363951127454
72.0,53.0,41.85351270553064,10.0,13.0,2.512491177027655,0.0,0.29392268780863606,8.482253104664423
72.0,53.0,41.85351270553064,13.0,10.0,2.512491177027655,1.0,0.29392268780863606,8.482253104664423
72.0,53.0,41.85351270553064,10.0,11.0,2.7237443757516453,0.0,0.3186360513996612,8.479251465045568
72.0,53.0,41.85351270553064,10.0,12.0,1.6361254086942745,0.0,0.19140141948053938,8.418950649629776
72.0,24.0,35.57548579970104,9.0,16.0,5.406777766390262,0.0,0.6325095459087089,4.93403096601088
72.0,24.0,35.57548579970104,9.0,15.0,6.039162766556912,0.0,0.7064888301658335,4.665610988530013
72.0,24.0,35.57548579970104,9.0,17.0,5.578365070853041,0.0,0.6525826121079712,4.184756766135078
72.0,53.0,41.85351270553064,16.0,6.0,2.796132300247202,0.0,0.32710432126948547,4.054019965477442
72.0,53.0,41.85351270553064,16.0,4.0,1.5020332891330437,0.0,0.17571471118251453,3.3081667996605417
72.0,53.0,41.85351270553064,16.0,14.0,0.932985585078178,0.0,0.10914491296932922,3.215589897935881
72.0,53.0,41.85351270553064,11.0,1.0,0.8330022708064311,0.0,0.09744840842616365,3.1314618294068697
72.0,53.0,41.85351270553064,15.0,8.0,1.6937082421130696,0.0,0.19813772220861972,3.111314818835361
72.0,60.0,44.39461883408072,15.0,7.0,5.631949986561045,0.0,0.6588512201711161,2.7509052062962134
72.0,53.0,41.85351270553064,15.0,9.0,6.039162766556912,0.0,0.7064888301658335,2.274662592640024
72.0,70.0,44.843049327354265,17.0,5.0,4.803573686125157,0.0,0.5619439788771855,-1.6952169750901327
73.0,61.0,75.48579970104635,3.0,8.0,8.548136231876935,0.0,1.0,6.411433340944385
73.0,47.0,84.90284005979073,3.0,2.0,5.290790181744798,0.0,0.6189407887551982,3.2892763448174636
73.0,61.0,75.48579970104635,8.0,14.0,4.592908673969609,0.0,0.5372994240361015,2.1123131101166748
73.0,39.0,62.18236173393124,3.0,15.0,7.860794729083334,0.0,0.9195916531804408,1.690190158240136
73.0,61.0,75.48579970104635,8.0,6.0,3.2730117855922356,0.0,0.38289186049548635,1.5609573338671268
73.0,39.0,62.18236173393124,3.0,16.0,7.3432075693606995,0.0,0.8590419443687708,1.5237943170192312
73.0,61.0,75.48579970104635,8.0,4.0,4.925985510424875,0.0,0.5762642729131218,0.7043721684350824
73.0,61.0,75.48579970104635,7.0,17.0,4.812940507383852,0.0,0.5630397523890495,0.24563790214571496
73.0,38.0,65.6203288490284,3.0,5.0,4.538149362054459,0.0,0.5308934297433403,0.15334164893644595
73.0,61.0,75.48579970104635,7.0,10.0,4.366762602636908,0.0,0.5108438242189886,-0.8552912309245008
73.0,61.0,75.48579970104635,7.0,12.0,3.960637987243478,0.0,0.4633335126871078,-0.951862876629678
73.0,61.0,75.48579970104635,8.0,7.0,6.736192038358631,0.0,0.7880304964301614,-1.2494153774344536
73.0,61.0,75.48579970104635,7.0,1.0,5.996165314143381,0.0,0.7014587918923221,-1.8403407804253722
73.0,61.0,75.48579970104635,8.0,11.0,6.832598580878645,0.0,0.7993085738852801,-1.8543833819105568
76.0,27.0,40.35874439461883,15.0,9.0,6.039162766556912,1.0,0.7064888301658335,7.802914764779618
76.0,27.0,40.35874439461883,3.0,2.0,5.290790181744798,0.0,0.6189407887551982,4.5550968348441225
76.0,24.0,41.4050822122571,9.0,7.0,6.0223749832025,0.0,0.704524918630146,4.059636939452963
76.0,15.0,56.65171898355755,3.0,8.0,8.548136231876935,0.0,1.0,4.050016823587324
76.0,33.0,40.50822122571002,9.0,15.0,6.039162766556912,0.0,0.7064888301658335,4.0308160979803604
76.0,33.0,40.50822122571002,9.0,16.0,5.406777766390262,0.0,0.6325095459087089,3.9703287211374065
76.0,62.0,43.19880418535127,3.0,6.0,5.83245429948156,0.0,0.6823071300304855,3.967422114940556
76.0,27.0,40.35874439461883,5.0,4.0,5.502070715074072,0.0,0.6436573500731362,3.712379365708478
76.0,27.0,40.35874439461883,6.0,5.0,5.370151251691832,0.0,0.6282248090134491,3.4060889838997963
76.0,27.0,40.35874439461883,14.0,10.0,5.333470250012311,0.0,0.6239336979823996,3.143451931848228
76.0,33.0,40.50822122571002,9.0,17.0,5.578365070853041,0.0,0.6525826121079712,2.5747980939313653
76.0,27.0,40.35874439461883,7.0,1.0,5.996165314143381,0.0,0.7014587918923221,2.4335292472000756
76.0,27.0,40.35874439461883,15.0,12.0,5.897960709076633,0.0,0.6899703688720463,2.2118975865578476
76.0,27.0,40.35874439461883,5.0,14.0,6.700616330233246,0.0,0.7838686876849149,1.7435838954120904
76.0,27.0,40.35874439461883,5.0,3.0,4.538149362054459,0.0,0.5308934297433403,1.1324180343024473
76.0,27.0,40.35874439461883,8.0,11.0,6.832598580878645,0.0,0.7993085738852801,-1.014825896804727
